name,family,target,control_estimate,candidate_estimate,control_relative_error,candidate_relative_error,absolute_error_change_pp
dfe.funded_childcare.early_learning_2_year_olds@2025,dfe_funded_childcare,95031.0,94926.19609069824,94730.13942718506,-0.001102839171446768,-0.0031659203082672117,0.20630811368204435
dfe.funded_childcare.universal_only_children@2025,dfe_funded_childcare,396965.0,398097.26737213135,396970.9009170532,0.0028523103349951447,1.486508143847104e-05,-0.28374452535566735
dfe.funded_childcare.working_parent_children_2_to_4@2025,dfe_funded_childcare,621482.0,620693.0394058228,620743.5235671997,-0.0012694826144236616,-0.0011882507181226374,-0.008123189630102425
dft.bus_fare_receipts.england@2025,dft_local_bus,3417388656.43538,3413014982.893592,3420703193.9844637,-0.001279829127293413,0.0009699035966664229,-0.030992553062699
dft.bus_net_support.england@2025,dft_local_bus,3024904320.8399997,3024788486.4766355,3025547465.1661716,-3.829356273062319e-05,0.00021261641954786764,0.017432285681724446
dwp.benefit_cap.capped_households@2025,dwp_benefit_cap,110637.0,110695.21670913696,110722.17761993408,0.0005261956591100888,0.0007698836730395983,0.02436880139295095
dwp.esa_claimants@2025,dwp_legacy_benefits,1000000.0,800905.8603649139,801054.7412891388,-0.19909413963508607,-0.19894525871086122,-0.014888092422485344
dwp.esa_contrib_claimants@2025,dwp_legacy_benefits,620000.0,620819.2523536682,621533.8441810608,0.0013213747639809884,0.002473942227517405,0.11525674635364165
dwp.esa_income_claimants@2025,dwp_legacy_benefits,180000.0,180348.33646202087,179757.01635742188,0.0019352025667826334,-0.0013499091254340278,-0.058529344134860564
dwp.uc.households@2025,dwp_universal_credit,6197311.0,5905355.915781509,5921636.7649006955,-0.04710996175897754,-0.04448287896142447,-0.2627082797553068
dwp.uc.households_children_1@2025,dwp_universal_credit,1190123.8333333333,958658.2978921045,970143.6153588403,-0.19448861451075508,-0.1848380914768894,-0.9650523033865682
dwp.uc.households_children_2@2025,dwp_universal_credit,1049895.5,982488.795085907,988014.1006622314,-0.0642032515751263,-0.058940532022252266,-0.526271955287403
dwp.uc.households_children_3@2025,dwp_universal_credit,477887.6666666667,477891.95067596436,477592.3685569763,8.964469260215405e-06,-0.0006179236885314771,0.060895921927126166
dwp.uc.households_children_4@2025,dwp_universal_credit,170713.66666666666,170759.3681640625,169877.8620147705,0.0002677084868962436,-0.004895944584964781,0.46282360980685366
dwp.uc.households_children_5_or_more@2025,dwp_universal_credit,76320.08333333333,76415.20346069336,76266.9966430664,0.00124633154479912,-0.0006955795637049082,-0.05507519810942118
dwp.uc.households_couple_no_children@2025,dwp_universal_credit,241130.91666666666,246619.82132911682,246801.37789154053,0.022763172546794937,0.023516110265995354,0.07529377192004166
dwp.uc.households_couple_with_children@2025,dwp_universal_credit,826160.8333333334,826999.3626594543,825913.004535675,0.0010149710471479708,-0.0002999764545341635,-0.07149945926138072
dwp.uc.households_single_no_children@2025,dwp_universal_credit,2990070.1666666665,2992522.4791736603,2992940.4437732697,0.0008201521604182311,0.0009599363715945602,0.013978421117632913
dwp.uc.households_single_with_children@2025,dwp_universal_credit,2138780.1666666665,1839214.2526192775,1855981.93870021,-0.14006391059548154,-0.13222407443921802,-0.7839836156263519
dwp.uc.scotland_households_child_under_1@2025,dwp_universal_credit,14333.222222222223,14293.698974609375,14339.822967529297,-0.002757457255603754,0.0004605206843748264,-0.22969365712289272
dwp.uc.two_child_limit.children_affected@2025,dwp_two_child_limit,597920.0,598350.1328811646,597142.075630188,0.0007193819928494627,-0.0013010509262309535,0.058166893338149075
dwp.uc.two_child_limit.children_claimant_pip@2025,dwp_two_child_limit,235270.0,234708.7303161621,234948.0887451172,-0.0023856406844811944,-0.0013682630802176754,-0.10173776042635191
dwp.uc.two_child_limit.children_disabled_child_element@2025,dwp_two_child_limit,479460.0,479984.01042175293,478389.86698913574,0.0010929179113021517,-0.002231954721695778,0.11390368103936264
dwp.uc.two_child_limit.children_in_3_children_households@2025,dwp_two_child_limit,891930.0,892681.7881393433,892009.286064148,0.0008428779605386765,8.889269802333054e-05,-0.07539852625153459
dwp.uc.two_child_limit.children_in_4_children_households@2025,dwp_two_child_limit,468760.0,469047.0302734375,466136.40002441406,0.0006123181872120061,-0.005596893880847209,0.49845756936352026
dwp.uc.two_child_limit.children_in_5_children_households@2025,dwp_two_child_limit,185120.0,185491.82815551758,185846.0726928711,0.0020085790596239095,0.003922173146451457,0.19135940868275475
dwp.uc.two_child_limit.children_in_6_plus_children_households@2025,dwp_two_child_limit,119720.0,119755.16040039062,119474.77746582031,0.00029368861001190276,-0.002048300485964647,0.1754611875952744
dwp.uc.two_child_limit.children_in_affected_households@2025,dwp_two_child_limit,1665540.0,1666975.806968689,1663466.5362472534,0.0008620669384637804,-0.0012449198174445417,0.03828528789807613
dwp.uc.two_child_limit.households_3_children@2025,dwp_two_child_limit,297310.0,297560.59604644775,297336.4286880493,0.0008428779605386765,8.889269802333054e-05,-0.07539852625153459
dwp.uc.two_child_limit.households_4_children@2025,dwp_two_child_limit,117190.0,117261.75756835938,116534.10000610352,0.0006123181872120061,-0.005596893880847209,0.49845756936352026
dwp.uc.two_child_limit.households_5_children@2025,dwp_two_child_limit,37020.0,37098.365631103516,37169.21453857422,0.0021168457888577964,0.0040306466389578265,0.191380085010003
dwp.uc.two_child_limit.households_6_plus_children@2025,dwp_two_child_limit,18260.0,18265.482360839844,18224.869018554688,0.00030023881926855147,-0.001923931075865964,0.16236922565974124
dwp.uc.two_child_limit.households_affected@2025,dwp_two_child_limit,469780.0,470186.2016067505,469264.61225128174,0.0008646634738611441,-0.0010970832064333554,0.023241973257221132
dwp.uc.two_child_limit.households_claimant_pip@2025,dwp_two_child_limit,65280.0,65115.01516723633,65189.623779296875,-0.002527341188168993,-0.0013844396553787531,-0.114290153279024
dwp.uc.two_child_limit.households_disabled_child_element@2025,dwp_two_child_limit,129630.0,129779.48835754395,129387.85597229004,0.0011531926062172747,-0.0018679628767257653,0.07147702705084906
dwp/uc_payment_dist/COUPLE_NO_CHILDREN_annual_payment_0_to_1_200@2025,dwp_universal_credit,7506.333333333333,7549.726631164551,7501.908332824707,0.005780891402533561,-0.0005895022659033704,-0.5191389136630191
dwp/uc_payment_dist/COUPLE_NO_CHILDREN_annual_payment_10_800_to_12_000@2025,dwp_universal_credit,13313.333333333334,13278.288986206055,13292.263534545898,-0.0026322744462152665,-0.0015826088222910992,-0.10496656239241672
dwp/uc_payment_dist/COUPLE_NO_CHILDREN_annual_payment_12_000_to_13_200@2025,dwp_universal_credit,16121.444444444445,16067.063690185547,16020.69204711914,-0.003373193664271091,-0.006249588718461549,0.28763950541904587
dwp/uc_payment_dist/COUPLE_NO_CHILDREN_annual_payment_13_200_to_14_400@2025,dwp_universal_credit,13317.333333333334,13265.290328979492,13211.862380981445,-0.003907914824327324,-0.007919825216651629,0.40119103923243055
dwp/uc_payment_dist/COUPLE_NO_CHILDREN_annual_payment_14_400_to_15_600@2025,dwp_universal_credit,19657.333333333332,19646.632431030273,19775.19612121582,-0.0005443720224712754,0.005995868609636176,0.5451496587164901
dwp/uc_payment_dist/COUPLE_NO_CHILDREN_annual_payment_15_600_to_16_800@2025,dwp_universal_credit,16443.222222222223,16378.710571289062,16507.149322509766,-0.003923297396417579,0.003887747755494577,-0.003554964092300234
dwp/uc_payment_dist/COUPLE_NO_CHILDREN_annual_payment_16_800_to_18_000@2025,dwp_universal_credit,13441.111111111111,13433.922409057617,13407.74967956543,-0.0005348294492969094,-0.002482044175507437,0.19472147262105274
dwp/uc_payment_dist/COUPLE_NO_CHILDREN_annual_payment_18_000_to_19_200@2025,dwp_universal_credit,10728.555555555555,10777.996124267578,10733.342819213867,0.004608315486274536,0.000446216979864867,-0.4162098506409669
dwp/uc_payment_dist/COUPLE_NO_CHILDREN_annual_payment_19_200_to_20_400@2025,dwp_universal_credit,9653.222222222223,9725.134979248047,9676.722259521484,0.007449611680986409,0.002434424149602962,-0.5015187531383447
dwp/uc_payment_dist/COUPLE_NO_CHILDREN_annual_payment_1_200_to_2_400@2025,dwp_universal_credit,8797.0,8813.124504089355,8721.069076538086,0.0018329548811362362,-0.008631456571776067,0.679850169063983
dwp/uc_payment_dist/COUPLE_NO_CHILDREN_annual_payment_20_400_to_21_600@2025,dwp_universal_credit,6486.888888888889,6539.253356933594,6485.8262939453125,0.008072354705257538,-0.00016380655839446544,-0.7908548146863074
dwp/uc_payment_dist/COUPLE_NO_CHILDREN_annual_payment_21_600_to_22_800@2025,dwp_universal_credit,3981.8888888888887,3994.9493408203125,3966.171630859375,0.003279963930653077,-0.003947186490655557,0.066722256000248
dwp/uc_payment_dist/COUPLE_NO_CHILDREN_annual_payment_22_800_to_24_000@2025,dwp_universal_credit,2761.4444444444443,2750.487060546875,2756.07861328125,-0.003967989984232249,-0.0019431247925300404,-0.2024865191702209
dwp/uc_payment_dist/COUPLE_NO_CHILDREN_annual_payment_24_000_to_25_200@2025,dwp_universal_credit,2131.222222222222,2131.5609130859375,2143.7354125976562,0.0001589186055699888,0.005871368196595939,0.571244959102595
dwp/uc_payment_dist/COUPLE_NO_CHILDREN_annual_payment_25_200_to_26_400@2025,dwp_universal_credit,1475.3333333333333,1468.1308288574219,1486.83203125,-0.0048819506162978196,0.00779396605286946,0.29120154365716405
dwp/uc_payment_dist/COUPLE_NO_CHILDREN_annual_payment_27_600_to_28_800@2025,dwp_universal_credit,746.3333333333334,0.0,0.0,-1.0,-1.0,0.0
dwp/uc_payment_dist/COUPLE_NO_CHILDREN_annual_payment_28_800_to_30_000@2025,dwp_universal_credit,605.7777777777778,0.0,0.0,-1.0,-1.0,0.0
dwp/uc_payment_dist/COUPLE_NO_CHILDREN_annual_payment_2_400_to_3_600@2025,dwp_universal_credit,12256.0,12192.001091003418,12349.63419342041,-0.005221843096979604,0.007639865651143126,0.2418022554163522
dwp/uc_payment_dist/COUPLE_NO_CHILDREN_annual_payment_3_600_to_4_800@2025,dwp_universal_credit,10945.444444444445,10940.92593383789,10989.354064941406,-0.0004128211174511126,0.0040116799934285085,0.3598858875977396
dwp/uc_payment_dist/COUPLE_NO_CHILDREN_annual_payment_4_800_to_6_000@2025,dwp_universal_credit,12492.444444444445,12473.312881469727,12511.995803833008,-0.0015314507148540292,0.0015650547397276845,0.003360402487365523
dwp/uc_payment_dist/COUPLE_NO_CHILDREN_annual_payment_6_000_to_7_200@2025,dwp_universal_credit,12979.666666666666,12898.599021911621,13017.202606201172,-0.006245741654000742,0.002891903197398943,-0.3353838456601799
dwp/uc_payment_dist/COUPLE_NO_CHILDREN_annual_payment_7_200_to_8_400@2025,dwp_universal_credit,16484.444444444445,16494.63247680664,16533.905548095703,0.0006180391699902827,0.003000471372750882,0.23824322027605993
dwp/uc_payment_dist/COUPLE_NO_CHILDREN_annual_payment_8_400_to_9_600@2025,dwp_universal_credit,15272.444444444445,15259.45620727539,15277.932632446289,-0.0008504360396465068,0.0003593522976500472,-0.04910837419964595
dwp/uc_payment_dist/COUPLE_NO_CHILDREN_annual_payment_9_600_to_10_800@2025,dwp_universal_credit,19142.333333333332,19168.387908935547,19196.922943115234,0.0013610971634709155,0.0028517740670017024,0.14906769035307868
dwp/uc_payment_dist/COUPLE_WITH_CHILDREN_annual_payment_0_to_1_200@2025,dwp_universal_credit,19073.555555555555,19080.001777648926,19014.604873657227,0.00033796646223590145,-0.003090702293372754,0.27527358311368527
dwp/uc_payment_dist/COUPLE_WITH_CHILDREN_annual_payment_10_800_to_12_000@2025,dwp_universal_credit,40805.444444444445,40726.661712646484,40755.253967285156,-0.001930691672902167,-0.0012299946206350487,-0.07006970522671183
dwp/uc_payment_dist/COUPLE_WITH_CHILDREN_annual_payment_12_000_to_13_200@2025,dwp_universal_credit,40009.555555555555,39959.461517333984,39975.60674285889,-0.0012520518542629632,-0.0008485176159862152,-0.0403534238276748
dwp/uc_payment_dist/COUPLE_WITH_CHILDREN_annual_payment_13_200_to_14_400@2025,dwp_universal_credit,39972.555555555555,40084.38185119629,39974.25108337402,0.0027975768395721756,4.2417298441481276e-05,-0.2755159541130694
dwp/uc_payment_dist/COUPLE_WITH_CHILDREN_annual_payment_14_400_to_15_600@2025,dwp_universal_credit,40518.77777777778,40631.55555725098,40520.024978637695,0.0027833460350585324,3.078081147349708e-05,-0.2752565223585035
dwp/uc_payment_dist/COUPLE_WITH_CHILDREN_annual_payment_15_600_to_16_800@2025,dwp_universal_credit,37118.0,37138.967376708984,37159.76266479492,0.0005648843339884793,0.0011251324100145987,0.056024807602611935
dwp/uc_payment_dist/COUPLE_WITH_CHILDREN_annual_payment_16_800_to_18_000@2025,dwp_universal_credit,37177.77777777778,37149.302505493164,37114.09118652344,-0.0007659218486597505,-0.0017130284557354799,0.09471066070757293
dwp/uc_payment_dist/COUPLE_WITH_CHILDREN_annual_payment_18_000_to_19_200@2025,dwp_universal_credit,37164.555555555555,37318.567932128906,37192.609283447266,0.0041440661477338435,0.0007548516986776466,-0.3389214449056197
dwp/uc_payment_dist/COUPLE_WITH_CHILDREN_annual_payment_19_200_to_20_400@2025,dwp_universal_credit,33309.555555555555,33282.195220947266,33317.78674316406,-0.0008213959673720657,0.0002471119014115728,-0.057428406596049295
dwp/uc_payment_dist/COUPLE_WITH_CHILDREN_annual_payment_1_200_to_2_400@2025,dwp_universal_credit,22775.777777777777,22835.179355621338,22688.353755950928,0.00260810315340881,-0.0038384648234559464,0.12303616700471363
dwp/uc_payment_dist/COUPLE_WITH_CHILDREN_annual_payment_20_400_to_21_600@2025,dwp_universal_credit,29102.555555555555,29132.563507080078,29020.713439941406,0.0010311105314184338,-0.002812196869031496,0.17810863376130623
dwp/uc_payment_dist/COUPLE_WITH_CHILDREN_annual_payment_21_600_to_22_800@2025,dwp_universal_credit,27534.666666666668,27392.065307617188,27365.25164794922,-0.005178975317762349,-0.006152789890953796,0.09738145731914465
dwp/uc_payment_dist/COUPLE_WITH_CHILDREN_annual_payment_22_800_to_24_000@2025,dwp_universal_credit,25584.777777777777,25543.960021972656,25539.38427734375,-0.0015953922351662668,-0.0017742386050135991,0.01788463698473323
dwp/uc_payment_dist/COUPLE_WITH_CHILDREN_annual_payment_24_000_to_25_200@2025,dwp_universal_credit,22927.777777777777,22907.781677246094,23015.901306152344,-0.0008721342611347352,0.003843526800926084,0.2971392539791349
dwp/uc_payment_dist/COUPLE_WITH_CHILDREN_annual_payment_25_200_to_26_400@2025,dwp_universal_credit,20334.666666666668,20316.6142578125,20311.510681152344,-0.0008877651721609015,-0.0011387442879642708,0.025097911580336932
dwp/uc_payment_dist/COUPLE_WITH_CHILDREN_annual_payment_26_400_to_27_600@2025,dwp_universal_credit,17535.0,17451.72442626953,17474.560791015625,-0.004749106001167308,-0.003446775533753921,-0.1302330467413387
dwp/uc_payment_dist/COUPLE_WITH_CHILDREN_annual_payment_27_600_to_28_800@2025,dwp_universal_credit,15399.888888888889,15438.156677246094,15288.900451660156,0.0024849392507510556,-0.007207093377719839,0.4722154126968784
dwp/uc_payment_dist/COUPLE_WITH_CHILDREN_annual_payment_28_800_to_30_000@2025,dwp_universal_credit,12836.222222222223,12812.334838867188,12789.249877929688,-0.0018609356352277074,-0.0036593589203539993,0.17984232851262918
dwp/uc_payment_dist/COUPLE_WITH_CHILDREN_annual_payment_2_400_to_3_600@2025,dwp_universal_credit,26502.666666666668,26519.094997406006,26405.262996673584,0.0006198746317101919,-0.0036752403529110487,0.30553657212008567
dwp/uc_payment_dist/COUPLE_WITH_CHILDREN_annual_payment_3_600_to_4_800@2025,dwp_universal_credit,29027.0,29060.13680267334,28948.75368499756,0.0011415855125689821,-0.0026956390602694527,0.15540535477004705
dwp/uc_payment_dist/COUPLE_WITH_CHILDREN_annual_payment_4_800_to_6_000@2025,dwp_universal_credit,32427.0,32352.70072555542,32327.552501678467,-0.0022912780844536983,-0.0030668115558495452,0.0775533471395847
dwp/uc_payment_dist/COUPLE_WITH_CHILDREN_annual_payment_6_000_to_7_200@2025,dwp_universal_credit,34956.88888888889,34938.12148284912,34876.3314743042,-0.0005368728921907769,-0.0023044789495067623,0.17676060573159855
dwp/uc_payment_dist/COUPLE_WITH_CHILDREN_annual_payment_7_200_to_8_400@2025,dwp_universal_credit,37410.77777777778,37410.73895263672,37320.519844055176,-1.0378063052547358e-06,-0.002412618477454349,0.24115806711490942
dwp/uc_payment_dist/COUPLE_WITH_CHILDREN_annual_payment_8_400_to_9_600@2025,dwp_universal_credit,39910.333333333336,39912.52444458008,39775.37535095215,5.490085057526538e-05,-0.0033815298222144804,0.3326628971639215
dwp/uc_payment_dist/COUPLE_WITH_CHILDREN_annual_payment_9_600_to_10_800@2025,dwp_universal_credit,39368.0,39413.518005371094,39331.33395385742,0.0011562183847564965,-0.0009313667481857886,-0.02248516365707079
dwp/uc_payment_dist/LONE_PARENT_annual_payment_0_to_1_200@2025,dwp_universal_credit,26670.222222222223,26702.536514282227,26738.197067260742,0.0012116244023298369,0.002548716860029813,0.1337092457699976
dwp/uc_payment_dist/LONE_PARENT_annual_payment_1_200_to_2_400@2025,dwp_universal_credit,36208.11111111111,36079.87585449219,36153.96160888672,-0.003541616855555072,-0.0014955075137231889,-0.20461093418318832
dwp/uc_payment_dist/LONE_PARENT_annual_payment_20_400_to_21_600@2025,dwp_universal_credit,85490.44444444444,85422.88656616211,85821.2798461914,-0.0007902389409875015,0.0038698524015974684,0.3079613460609967
dwp/uc_payment_dist/LONE_PARENT_annual_payment_22_800_to_24_000@2025,dwp_universal_credit,71259.55555555556,71301.09902954102,71540.64520263672,0.0005829881152298989,0.003944588832890108,0.3361600717660209
dwp/uc_payment_dist/LONE_PARENT_annual_payment_24_000_to_25_200@2025,dwp_universal_credit,51301.666666666664,51248.27346801758,51377.555236816406,-0.001040769279407806,0.0014792613004725385,0.04384920210647326
dwp/uc_payment_dist/LONE_PARENT_annual_payment_25_200_to_26_400@2025,dwp_universal_credit,43305.22222222222,43308.97979736328,43393.48303222656,8.676956145797237e-05,0.0020381100817686644,0.1951340520310692
dwp/uc_payment_dist/LONE_PARENT_annual_payment_26_400_to_27_600@2025,dwp_universal_credit,34910.555555555555,34967.71870422363,35005.31857299805,0.0016374173300424978,0.0027144517162349152,0.10770343861924174
dwp/uc_payment_dist/LONE_PARENT_annual_payment_27_600_to_28_800@2025,dwp_universal_credit,28513.0,28472.154052734375,28410.603729248047,-0.0014325376938808614,-0.003591213507942101,0.21586758140612394
dwp/uc_payment_dist/LONE_PARENT_annual_payment_28_800_to_30_000@2025,dwp_universal_credit,22593.0,22941.5359954834,22335.25946044922,0.01542672489193106,-0.011407982098472148,-0.4018742793458912
dwp/uc_payment_dist/LONE_PARENT_annual_payment_2_400_to_3_600@2025,dwp_universal_credit,46312.77777777778,46211.40223693848,46559.80694580078,-0.0021889324221866773,0.005333931149807473,0.3144998727620796
dwp/uc_payment_dist/LONE_PARENT_annual_payment_3_600_to_4_800@2025,dwp_universal_credit,60310.11111111111,60197.692474365234,60178.7666015625,-0.0018640097767149346,-0.0021778190609967473,0.03138092842818127
dwp/uc_payment_dist/LONE_PARENT_annual_payment_4_800_to_6_000@2025,dwp_universal_credit,67858.66666666667,67966.1632156372,67801.44441986084,0.0015841240957264438,-0.0008432562798045693,-0.07408678159218746
dwp/uc_payment_dist/LONE_PARENT_annual_payment_6_000_to_7_200@2025,dwp_universal_credit,89577.44444444444,89698.78782653809,89584.03790283203,0.001354619824736177,7.360623456591808e-05,-0.12810135901702588
dwp/uc_payment_dist/LONE_PARENT_annual_payment_7_200_to_8_400@2025,dwp_universal_credit,116076.0,116286.76705932617,116538.10373687744,0.0018157677670334253,0.00398104463349393,0.21652768664605043
dwp/uc_payment_dist/LONE_PARENT_annual_payment_8_400_to_9_600@2025,dwp_universal_credit,97511.0,97399.42486572266,97955.5943145752,-0.0011442312588050964,0.00455942729102558,0.3415196032220484
dwp/uc_payment_dist/LONE_PARENT_annual_payment_9_600_to_10_800@2025,dwp_universal_credit,102343.0,102252.2599029541,102796.92694091797,-0.0008866272929843608,0.004435349177940541,0.35487218849561797
dwp/uc_payment_dist/SINGLE_annual_payment_0_to_1_200@2025,dwp_universal_credit,89479.33333333333,89634.40298843384,89215.16776657104,0.0017330220211055373,-0.002952252290237786,0.12192302691322486
dwp/uc_payment_dist/SINGLE_annual_payment_10_800_to_12_000@2025,dwp_universal_credit,104891.11111111111,105225.78038787842,104730.4072265625,0.0031906352523312816,-0.0015321020327296938,-0.16585332196015878
dwp/uc_payment_dist/SINGLE_annual_payment_12_000_to_13_200@2025,dwp_universal_credit,122035.55555555556,121352.39295959473,122078.40899658203,-0.005598061916060455,0.00035115537296800844,-0.5246906543092446
dwp/uc_payment_dist/SINGLE_annual_payment_15_600_to_16_800@2025,dwp_universal_credit,149963.22222222222,149558.40324783325,150295.2777786255,-0.0026994550289742916,0.002214246609820203,-0.04852084191540886
dwp/uc_payment_dist/SINGLE_annual_payment_16_800_to_18_000@2025,dwp_universal_credit,108689.66666666667,108450.17974853516,109009.77145385742,-0.002203400980757281,0.0029451262204387755,0.07417252396814947
dwp/uc_payment_dist/SINGLE_annual_payment_18_000_to_19_200@2025,dwp_universal_credit,61718.666666666664,61655.18292236328,61770.48156738281,-0.0010285987648801496,0.0008395337021130548,-0.018906506276709478
dwp/uc_payment_dist/SINGLE_annual_payment_19_200_to_20_400@2025,dwp_universal_credit,34050.444444444445,34080.252182006836,34123.49203491211,0.0008753993684582879,0.0021452756831660774,0.12698763147077893
dwp/uc_payment_dist/SINGLE_annual_payment_1_200_to_2_400@2025,dwp_universal_credit,127403.22222222222,127142.69436264038,127203.61846160889,-0.0020449079311935623,-0.0015667088879838121,-0.047819904320975014
dwp/uc_payment_dist/SINGLE_annual_payment_20_400_to_21_600@2025,dwp_universal_credit,22338.333333333332,22386.04296875,22302.59716796875,0.0021357741736925113,-0.0015997686502088543,-0.0536005523483657
dwp/uc_payment_dist/SINGLE_annual_payment_22_800_to_24_000@2025,dwp_universal_credit,11133.666666666666,10729.99609375,10729.99609375,-0.03625675035927063,-0.03625675035927063,0.0
dwp/uc_payment_dist/SINGLE_annual_payment_24_000_to_25_200@2025,dwp_universal_credit,6951.222222222223,6957.512939453125,6929.44873046875,0.00090498002074969,-0.0031323256626533086,0.22273456419036183
dwp/uc_payment_dist/SINGLE_annual_payment_25_200_to_26_400@2025,dwp_universal_credit,6508.222222222223,6518.90576171875,6489.63818359375,0.0016415449767601044,-0.002855470817363568,0.12139258406034636
dwp/uc_payment_dist/SINGLE_annual_payment_26_400_to_27_600@2025,dwp_universal_credit,5913.444444444444,5901.88525390625,5947.3701171875,-0.001954730554550818,0.005737040917823809,0.3782310363272991
dwp/uc_payment_dist/SINGLE_annual_payment_28_800_to_30_000@2025,dwp_universal_credit,1653.7777777777778,1653.3655700683594,1650.5017395019531,-0.00024925217581067455,-0.0019809422522455208,0.1731690076434846
dwp/uc_payment_dist/SINGLE_annual_payment_2_400_to_3_600@2025,dwp_universal_credit,197136.66666666666,197619.07789230347,197315.17567253113,0.002447090304375018,0.0009055088983842223,-0.1541581405990796
dwp/uc_payment_dist/SINGLE_annual_payment_3_600_to_4_800@2025,dwp_universal_credit,377063.1111111111,377133.3975048065,376824.7805747986,0.0001864048527268499,-0.0006320706780629887,0.044566582533613876
dwp/uc_payment_dist/SINGLE_annual_payment_4_800_to_6_000@2025,dwp_universal_credit,195983.22222222222,196006.10721969604,196081.9817123413,0.00011677018682689584,0.0005039180854323734,0.03871478986054776
dwp/uc_payment_dist/SINGLE_annual_payment_6_000_to_7_200@2025,dwp_universal_credit,114033.33333333333,113709.17582702637,114046.63146972656,-0.002842655711548915,0.00011661622092868183,-0.27260394906202334
dwp/uc_payment_dist/SINGLE_annual_payment_7_200_to_8_400@2025,dwp_universal_credit,149043.77777777778,148945.04288482666,148708.5940246582,-0.0006624556517772464,-0.0022488946410049553,0.15864389892277087
hmrc.salary_sacrifice.users_above_cap@2025,hmrc_salary_sacrifice,3300000.0,3310142.457506424,3301125.3879010733,0.0030734719716435806,0.00034102663668888534,-0.2732445334954695
hmrc.salary_sacrifice.users_below_cap@2025,hmrc_salary_sacrifice,4300000.0,4312530.925374508,4299594.7601591665,0.002914168691746024,-9.424182344964424e-05,-0.281992686829638
hmrc.salary_sacrifice.users_total@2025,hmrc_salary_sacrifice,7700000.0,7622673.382880932,7600720.14806024,-0.010042417807671206,-0.012893487264903915,0.28510694572327094
hmrc.tfc.children_with_used_accounts@2025,hmrc_tfc,1151515.0,1148588.428237915,1151431.0919418335,-0.0025414968646391587,-7.286753378506047e-05,-0.24686293308540985
hmrc.tfc.government_top_up@2025,hmrc_tfc,599800000.0,599657535.1840911,599861349.4543235,-0.00023752053335930119,0.00010228318493419506,-0.013523734842510612
hmrc/dividend_income_count_income_band_100_000_to_150_000@2025,hmrc_spi,222000.0,222578.88404417038,222482.31531143188,0.00260758578455126,0.002172591492936418,-0.04349942916148418
hmrc/dividend_income_count_income_band_12_570_to_15_000@2025,hmrc_spi,115000.0,115074.04962778091,114918.26409244537,0.0006439098067905592,-0.0007107470222141431,0.006683721542358396
hmrc/dividend_income_count_income_band_150_000_to_200_000@2025,hmrc_spi,92000.0,92040.45379924774,92216.7066745758,0.0004397152092145837,0.0023555073323457136,0.191579212313113
hmrc/dividend_income_count_income_band_15_000_to_20_000@2025,hmrc_spi,372000.0,371727.824590683,371789.72939014435,-0.0007316543261210123,-0.0005652435748807846,-0.016641075124022776
hmrc/dividend_income_count_income_band_200_000_to_300_000@2025,hmrc_spi,75000.0,74926.22023010254,74954.1375656128,-0.0009837302652994792,-0.0006114991251627604,-0.03722311401367187
hmrc/dividend_income_count_income_band_20_000_to_30_000@2025,hmrc_spi,843000.0,843664.7532503605,843470.4051469908,0.0007885566433695005,0.0005580132230021189,-0.023054342036738156
hmrc/dividend_income_count_income_band_300_000_to_500_000@2025,hmrc_spi,49000.0,49076.62705421448,48974.64538002014,0.0015638174329485211,-0.0005174412240787429,-0.10463762088697781
hmrc/dividend_income_count_income_band_30_000_to_40_000@2025,hmrc_spi,667000.0,667118.4145302773,667397.620798111,0.0001775330289014276,0.0005961331306011423,0.04186001016997147
hmrc/dividend_income_count_income_band_40_000_to_50_000@2025,hmrc_spi,627000.0,627162.6924381256,626971.544523716,0.00025947757276811856,-4.538353474326491e-05,-0.021409403802485367
hmrc/dividend_income_count_income_band_500_000_to_1_000_000@2025,hmrc_spi,32000.0,31914.33546447754,31929.55731201172,-0.0026770167350769042,-0.002201333999633789,-0.04756827354431151
hmrc/dividend_income_count_income_band_50_000_to_70_000@2025,hmrc_spi,643000.0,642162.5516755949,643025.1111498247,-0.0013024079695258515,3.905311014726295e-05,-0.12633548593785887
hmrc/dividend_income_count_income_band_70_000_to_100_000@2025,hmrc_spi,336000.0,336064.1584918499,336283.36672258377,0.00019094789241041457,0.0008433533410231272,0.06524054486127126
hmrc/dividend_income_income_band_100_000_to_150_000@2025,hmrc_spi,6870000000.0,6894273786.925237,6891162516.622944,0.003533302318083945,0.0030804245448244364,-0.04528777732595085
hmrc/dividend_income_income_band_12_570_to_15_000@2025,hmrc_spi,175000000.0,174824337.84038645,174647766.9937784,-0.001003783769220284,-0.002012760035551957,0.10089762663316729
hmrc/dividend_income_income_band_150_000_to_200_000@2025,hmrc_spi,3450000000.0,3449923615.56849,3462478300.690716,-2.2140414930426557e-05,0.003616898750932113,0.3594758336001686
hmrc/dividend_income_income_band_15_000_to_20_000@2025,hmrc_spi,855000000.0,855082374.5444342,853251250.6250467,9.634449641425707e-05,-0.0020453209063780934,0.19489764099638363
hmrc/dividend_income_income_band_200_000_to_300_000@2025,hmrc_spi,3700000000.0,3697358285.405196,3696543154.0687127,-0.0007139769175145432,-0.0009342826841316997,0.022030576661715644
hmrc/dividend_income_income_band_20_000_to_30_000@2025,hmrc_spi,3330000000.0,3331018611.9216385,3332014411.7466683,0.00030588946595750413,0.0006049284524529546,0.029903898649545044
hmrc/dividend_income_income_band_300_000_to_500_000@2025,hmrc_spi,3430000000.0,3436143439.386361,3442016019.7673182,0.0017910902001052834,0.003503212760151093,0.17121225600458095
hmrc/dividend_income_income_band_30_000_to_40_000@2025,hmrc_spi,4700000000.0,4692892862.74632,4707275957.274032,-0.001512156862485155,0.0015480760157514126,0.0035919153266257466
hmrc/dividend_income_income_band_40_000_to_50_000@2025,hmrc_spi,8400000000.0,8409454356.005359,8395737304.968556,0.0011255185720665114,-0.0005074636942194757,-0.061805487784703565
hmrc/dividend_income_income_band_50_000_to_70_000@2025,hmrc_spi,12500000000.0,12500481578.788755,12496676863.40134,3.852630310043335e-05,-0.00026585092789276125,0.02273246247923279
hmrc/dividend_income_income_band_70_000_to_100_000@2025,hmrc_spi,9440000000.0,9440689361.02068,9445466344.601028,7.302553185163919e-05,0.0005790619280750469,0.05060363962234077
hmrc/employment_income_count_income_band_100_000_to_150_000@2025,hmrc_spi,791000.0,792964.9012224728,792138.8263628536,0.002484072341937772,0.001439729915112057,-0.1044342426825715
hmrc/employment_income_count_income_band_12_570_to_15_000@2025,hmrc_spi,1360000.0,1365177.517014742,1364502.4826648142,0.003806997804957278,0.0033106490182457492,-0.049634878671152856
hmrc/employment_income_count_income_band_150_000_to_200_000@2025,hmrc_spi,264000.0,264663.1562137604,263860.07652664185,0.0025119553551529394,-0.0005300131566596753,-0.1981942198493264
hmrc/employment_income_count_income_band_15_000_to_20_000@2025,hmrc_spi,3100000.0,3109879.536339771,3104651.6507803467,0.003186947206377743,0.0015005325097892613,-0.16864146965884816
hmrc/employment_income_count_income_band_200_000_to_300_000@2025,hmrc_spi,180000.0,180104.21351242065,179753.73133850098,0.0005789639578925239,-0.0013681592305501303,0.07891952726576064
hmrc/employment_income_count_income_band_20_000_to_30_000@2025,hmrc_spi,7470000.0,7499823.851601991,7484920.125304093,0.003992483480855538,0.00199733939813824,-0.1995144082717298
hmrc/employment_income_count_income_band_300_000_to_500_000@2025,hmrc_spi,93000.0,92867.96628284454,92751.92737674713,-0.00141971738876835,-0.002667447561858803,0.12477301730904529
hmrc/employment_income_count_income_band_30_000_to_40_000@2025,hmrc_spi,5370000.0,5449477.36409642,5442028.5377696715,0.014800254021679681,0.013413135525078498,-0.13871184966011835
hmrc/employment_income_count_income_band_40_000_to_50_000@2025,hmrc_spi,3500000.0,3507028.743809776,3502050.24144875,0.002008212517078833,0.000585783271071368,-0.1422429246007465
hmrc/employment_income_count_income_band_500_000_to_1_000_000@2025,hmrc_spi,44000.0,43993.48078918457,43946.834396362305,-0.00014816388216885653,-0.0012083091735839843,0.10601452914151277
hmrc/employment_income_count_income_band_50_000_to_70_000@2025,hmrc_spi,3430000.0,3434298.003418244,3435972.7879767786,0.0012530622210623777,0.0017413376025593522,0.048827538149697446
hmrc/employment_income_count_income_band_70_000_to_100_000@2025,hmrc_spi,1640000.0,1657474.498050928,1655284.3107624054,0.010655181738370802,0.009319701684393535,-0.1335480053977267
hmrc/employment_income_income_band_100_000_to_150_000@2025,hmrc_spi,82300000000.0,82437277887.10991,82477677437.58824,0.001668018069379211,0.002158899606175475,0.0490881536796264
hmrc/employment_income_income_band_12_570_to_15_000@2025,hmrc_spi,16900000000.0,16867559505.962223,16866580981.908524,-0.001919555860223488,-0.0019774566918033397,0.005790083157985169
hmrc/employment_income_income_band_150_000_to_200_000@2025,hmrc_spi,39200000000.0,39343722658.34471,39224460536.383736,0.0036663943455283498,0.0006239932750952973,-0.30424010704330523
hmrc/employment_income_income_band_15_000_to_20_000@2025,hmrc_spi,48600000000.0,48571104009.64969,48573626956.30167,-0.0005945677026813021,-0.0005426552201303239,-0.005191248255097822
hmrc/employment_income_income_band_200_000_to_300_000@2025,hmrc_spi,36600000000.0,36686181384.16371,36591627859.24364,0.002354682627423813,-0.00022874701520117255,-0.21259356122226405
hmrc/employment_income_income_band_20_000_to_30_000@2025,hmrc_spi,172000000000.0,172083482725.8886,172063615826.5224,0.00048536468539890024,0.00036985945652558084,-0.01155052288733194
hmrc/employment_income_income_band_300_000_to_500_000@2025,hmrc_spi,29000000000.0,30564748001.398754,30301756357.25937,0.0539568276344398,0.04488815025032306,-0.9068677384116736
hmrc/employment_income_income_band_30_000_to_40_000@2025,hmrc_spi,170000000000.0,170115166383.40378,170032447485.84415,0.000677449314139871,0.00019086756378909842,-0.04865817503507726
hmrc/employment_income_income_band_40_000_to_50_000@2025,hmrc_spi,139000000000.0,139158516908.86105,139086852358.84,0.0011404094162665718,0.0006248371139568082,-0.05155723023097635
hmrc/employment_income_income_band_500_000_to_1_000_000@2025,hmrc_spi,23100000000.0,23117163879.138275,23082529683.230755,0.0007430250709210021,-0.0007562907692313916,0.001326569831038959
hmrc/employment_income_income_band_50_000_to_70_000@2025,hmrc_spi,174000000000.0,174344680401.29572,174756801223.34763,0.0019809218465271,0.004349432318089803,0.23685104715627034
hmrc/employment_income_income_band_70_000_to_100_000@2025,hmrc_spi,118000000000.0,118035277549.29321,117956350721.91338,0.00029896228214587193,-0.00036990913632732326,0.007094685418145133
hmrc/private_pension_income_count_income_band_100_000_to_150_000@2025,hmrc_spi,109000.0,109048.34322357178,109161.64456558228,0.00044351581258511325,0.0014829776658924348,0.10394618533073217
hmrc/private_pension_income_count_income_band_12_570_to_15_000@2025,hmrc_spi,1070000.0,1071354.7379851341,1070596.143336296,0.0012661102664804904,0.0005571433049496089,-0.07089669615308815
hmrc/private_pension_income_count_income_band_150_000_to_200_000@2025,hmrc_spi,29000.0,29040.356709480286,29000.459478378296,0.0013916106717339878,1.5844082010203393e-05,-0.13757665897237845
hmrc/private_pension_income_count_income_band_15_000_to_20_000@2025,hmrc_spi,2140000.0,2141104.6531006563,2138787.0376602025,0.000516193037689881,-0.0005668048316810855,0.005061179399120448
hmrc/private_pension_income_count_income_band_200_000_to_300_000@2025,hmrc_spi,20000.0,19962.649101257324,20082.078704833984,-0.001867544937133789,0.004103935241699218,0.22363903045654293
hmrc/private_pension_income_count_income_band_20_000_to_30_000@2025,hmrc_spi,2660000.0,2661302.84004879,2659180.0798906432,0.0004897894920263075,-0.00030824064261532086,-0.018154884941098667
hmrc/private_pension_income_count_income_band_300_000_to_500_000@2025,hmrc_spi,10000.0,10001.05462551117,10029.502806663513,0.00010546255111694336,0.0029502806663513183,0.2844818115234375
hmrc/private_pension_income_count_income_band_30_000_to_40_000@2025,hmrc_spi,1450000.0,1448803.863445282,1450017.896736145,-0.0008249217618744949,1.2342576651737608e-05,-0.08125791852227573
hmrc/private_pension_income_count_income_band_40_000_to_50_000@2025,hmrc_spi,779000.0,778593.1363544464,778820.1164355278,-0.0005222896605309228,-0.0002309160006061598,-0.0291373659924763
hmrc/private_pension_income_count_income_band_500_000_to_1_000_000@2025,hmrc_spi,4000.0,4003.2963256835938,3993.177444458008,0.0008240814208984375,-0.0017056388854980468,0.08815574645996094
hmrc/private_pension_income_count_income_band_50_000_to_70_000@2025,hmrc_spi,643000.0,641976.118216753,643367.7096328735,-0.0015923511403530234,0.0005718656809852802,-0.10204854593677433
hmrc/private_pension_income_count_income_band_70_000_to_100_000@2025,hmrc_spi,259000.0,259416.3604233319,258208.08591270447,0.0016075692020536896,-0.0030575833486313985,0.1450014146577709
hmrc/private_pension_income_income_band_100_000_to_150_000@2025,hmrc_spi,5430000000.0,5433440329.915841,5434683887.414151,0.0006335782533777353,0.0008625943672469966,0.022901611386926132
hmrc/private_pension_income_income_band_12_570_to_15_000@2025,hmrc_spi,4350000000.0,4356060765.123558,4354845031.623423,0.0013932793387489758,0.0011138003732006029,-0.02794789655483729
hmrc/private_pension_income_income_band_150_000_to_200_000@2025,hmrc_spi,1810000000.0,1812924024.293221,1806842622.6002488,0.0016154830349287275,-0.001744407403177451,0.01289243682487235
hmrc/private_pension_income_income_band_15_000_to_20_000@2025,hmrc_spi,13600000000.0,13603170338.357073,13594692879.58194,0.0002331131144906493,-0.00039022944250443405,0.015711632801378477
hmrc/private_pension_income_income_band_200_000_to_300_000@2025,hmrc_spi,1570000000.0,1564151609.361326,1580843500.957539,-0.0037250895787732615,0.006906688507986676,0.3181598929213415
hmrc/private_pension_income_income_band_20_000_to_30_000@2025,hmrc_spi,30200000000.0,30210500378.603336,30205728919.41489,0.0003476946557396137,0.00018969931837385063,-0.015799533736576308
hmrc/private_pension_income_income_band_300_000_to_500_000@2025,hmrc_spi,1120000000.0,980300037.0694891,992994511.6282674,-0.12473210975938472,-0.11339775747476125,-1.133435228462347
hmrc/private_pension_income_income_band_30_000_to_40_000@2025,hmrc_spi,24900000000.0,24889272149.0994,24924507957.4174,-0.00043083738556628246,0.000984255317967886,0.05534179324016036
hmrc/private_pension_income_income_band_40_000_to_50_000@2025,hmrc_spi,16900000000.0,16906004975.266615,16908386003.829512,0.0003553239802730718,0.0004962132443498014,0.014088926407672956
hmrc/private_pension_income_income_band_500_000_to_1_000_000@2025,hmrc_spi,640000000.0,640246080.3115848,638899817.9100064,0.0003845004868512973,-0.0017190345156149938,0.13345340287636964
hmrc/private_pension_income_income_band_50_000_to_70_000@2025,hmrc_spi,17400000000.0,17383249921.012943,17411039971.17449,-0.0009626482176469386,0.0006344811019822921,-0.03281671156646466
hmrc/private_pension_income_income_band_70_000_to_100_000@2025,hmrc_spi,9470000000.0,9480415417.97901,9439299568.338987,0.001099832943929211,-0.0032418618438239334,0.21420288998947223
hmrc/property_income_count_income_band_100_000_to_150_000@2025,hmrc_spi,137000.0,136474.92591285706,137168.26479148865,-0.003832657570386455,0.0012282101568514413,-0.2604447413535014
hmrc/property_income_count_income_band_12_570_to_15_000@2025,hmrc_spi,101000.0,101109.31782150269,101346.8582649231,0.0010823546683434212,0.0034342402467633236,0.23518855784199025
hmrc/property_income_count_income_band_150_000_to_200_000@2025,hmrc_spi,54000.0,54171.188457489014,53825.39771270752,0.00317015662016692,-0.00323337569060149,0.006321907043457028
hmrc/property_income_count_income_band_15_000_to_20_000@2025,hmrc_spi,232000.0,231389.88915538788,231284.48879432678,-0.0026297881233281104,-0.003084100024453525,0.04543119011254145
hmrc/property_income_count_income_band_200_000_to_300_000@2025,hmrc_spi,41000.0,41078.52325439453,40985.660652160645,0.0019152013266958842,-0.0003497401912037919,-0.15654611354920922
hmrc/property_income_count_income_band_20_000_to_30_000@2025,hmrc_spi,431000.0,430581.1872162819,431645.16889953613,-0.000971723396097701,0.0014969115998518163,0.05251882037541152
hmrc/property_income_count_income_band_300_000_to_500_000@2025,hmrc_spi,23000.0,23012.888721466064,23027.067195892334,0.0005603791941767154,0.001176834604014521,0.06164554098378056
hmrc/property_income_count_income_band_30_000_to_40_000@2025,hmrc_spi,364000.0,363327.8918809891,364464.5138530731,-0.001846450876403641,0.0012761369589920882,-0.05703139174115528
hmrc/property_income_count_income_band_40_000_to_50_000@2025,hmrc_spi,325000.0,325168.9147930145,324922.35222148895,0.0005197378246600811,-0.00023891624157245343,-0.02808215830876277
hmrc/property_income_count_income_band_50_000_to_70_000@2025,hmrc_spi,397000.0,396466.29116535187,397204.8216605553,-0.0013443547472245148,0.00051592357822498,-0.08284311689995348
hmrc/property_income_count_income_band_70_000_to_100_000@2025,hmrc_spi,226000.0,226300.05749225616,225959.64861869812,0.0013276880188325866,-0.00017854593496407028,-0.11491420838685162
hmrc/self_employment_income_count_income_band_100_000_to_150_000@2025,hmrc_spi,85000.0,84779.2965927124,85157.46286582947,-0.002596510673971737,0.0018525043038760914,-0.07440063700956458
hmrc/self_employment_income_count_income_band_12_570_to_15_000@2025,hmrc_spi,444000.0,443786.3394908905,444335.54044914246,-0.0004812173628592276,0.0007557217323028289,0.027450436944360133
hmrc/self_employment_income_count_income_band_150_000_to_200_000@2025,hmrc_spi,40000.0,40095.42194366455,39789.439628601074,0.0023855485916137696,-0.005264009284973145,0.28784606933593754
hmrc/self_employment_income_count_income_band_15_000_to_20_000@2025,hmrc_spi,651000.0,649448.8898844719,649775.5322070122,-0.0023826576275393346,-0.0018809029078153971,-0.05017547197239374
hmrc/self_employment_income_count_income_band_200_000_to_300_000@2025,hmrc_spi,34000.0,34100.544335365295,33880.59492301941,0.0029571863342733942,-0.0035119140288409063,0.05547276945675121
hmrc/self_employment_income_count_income_band_20_000_to_30_000@2025,hmrc_spi,961000.0,961648.5036541545,962860.4917839216,0.0006748217004729274,0.0019359956128216513,0.1261173912348724
hmrc/self_employment_income_count_income_band_300_000_to_500_000@2025,hmrc_spi,21000.0,21052.293586730957,21000.487686157227,0.0024901707967122395,2.3223150344122024e-05,-0.24669476463681175
hmrc/self_employment_income_count_income_band_30_000_to_40_000@2025,hmrc_spi,595000.0,596358.2788336277,595769.5046725273,0.0022828215691221864,0.0012932851639114507,-0.09895364052107357
hmrc/self_employment_income_count_income_band_40_000_to_50_000@2025,hmrc_spi,359000.0,358874.54667305946,358798.1196374893,-0.0003494521641797674,-0.000562340842648137,0.021288867846836954
hmrc/self_employment_income_count_income_band_50_000_to_70_000@2025,hmrc_spi,311000.0,310717.4570353031,310817.2210073471,-0.0009084982787681162,-0.0005877138027424215,-0.032078447602569476
hmrc/self_employment_income_count_income_band_70_000_to_100_000@2025,hmrc_spi,143000.0,143363.71698760986,142843.02161169052,0.0025434754378312117,-0.0010977509671991521,-0.14457244706320596
hmrc/self_employment_income_income_band_100_000_to_150_000@2025,hmrc_spi,4980000000.0,4984023895.826436,5002125371.4517975,0.0008080112101277195,0.004442845673051704,0.3634834462923984
hmrc/self_employment_income_income_band_12_570_to_15_000@2025,hmrc_spi,4810000000.0,4805984335.611502,4814485854.718028,-0.0008348574612262591,0.000932610128488164,0.009775266726190491
hmrc/self_employment_income_income_band_150_000_to_200_000@2025,hmrc_spi,3650000000.0,3656566481.5439396,3641379163.178382,0.0017990360394355043,-0.0023618731018131725,0.05628370623776682
hmrc/self_employment_income_income_band_15_000_to_20_000@2025,hmrc_spi,8030000000.0,8028363000.666877,8029726117.750705,-0.00020386043999043676,-3.4107378492557246e-05,-0.016975306149787952
hmrc/self_employment_income_income_band_200_000_to_300_000@2025,hmrc_spi,4390000000.0,4417881742.78326,4378035529.538005,0.006351194255867961,-0.0027253919047824887,-0.3625802351085472
hmrc/self_employment_income_income_band_20_000_to_30_000@2025,hmrc_spi,15700000000.0,18832491476.593945,18880756116.185246,0.19952175010152512,0.2025959309672131,0.30741808656879754
hmrc/self_employment_income_income_band_300_000_to_500_000@2025,hmrc_spi,4840000000.0,4854893343.750498,4842675904.852768,0.003077137138532607,0.0005528729034644513,-0.2524264235068156
hmrc/self_employment_income_income_band_30_000_to_40_000@2025,hmrc_spi,12600000000.0,15640360964.991894,15637827479.670216,0.24129848928507094,0.24109741902144569,-0.020107026362525815
hmrc/self_employment_income_income_band_40_000_to_50_000@2025,hmrc_spi,8730000000.0,9108844173.579672,8885513671.543478,0.04339566707670926,0.017813708080581674,-2.558195899612759
hmrc/self_employment_income_income_band_500_000_to_1_000_000@2025,hmrc_spi,6670000000.0,6671560517.966438,6656275570.626277,0.0002339607146084398,-0.002057635588264322,0.18236748736558825
hmrc/self_employment_income_income_band_50_000_to_70_000@2025,hmrc_spi,8220000000.0,8246860288.349117,8222861627.814151,0.003267674981644438,0.0003481299043979088,-0.2919545077246529
hmrc/self_employment_income_income_band_70_000_to_100_000@2025,hmrc_spi,5360000000.0,5381368863.645258,5351311047.545394,0.003986728292025737,-0.001621073219142921,-0.2365655072882816
hmrc/state_pension_count_income_band_100_000_to_150_000@2025,hmrc_spi,74000.0,73968.48151302338,74083.94567298889,-0.00042592549968410183,0.001134400986336373,0.07084754866522713
hmrc/state_pension_count_income_band_12_570_to_15_000@2025,hmrc_spi,1140000.0,1134548.6955971718,1134636.439702034,-0.004781845967393172,-0.0047048774543561435,-0.007696851303702883
hmrc/state_pension_count_income_band_150_000_to_200_000@2025,hmrc_spi,21000.0,21076.303547859192,21036.434980392456,0.0036335022790091377,0.0017349990663074312,-0.18985032127017065
hmrc/state_pension_count_income_band_15_000_to_20_000@2025,hmrc_spi,2050000.0,2048606.901837158,2045081.9775728807,-0.0006795600794351137,-0.0023990353303021046,0.17194752508669908
hmrc/state_pension_count_income_band_200_000_to_300_000@2025,hmrc_spi,14000.0,13982.514541625977,14033.310676574707,-0.0012489613124302456,0.0023793340410505023,0.11303727286202567
hmrc/state_pension_count_income_band_20_000_to_30_000@2025,hmrc_spi,2320000.0,2318867.7951540947,2316376.5817723274,-0.00048801933013159656,-0.0015618182015830072,0.10737988714514106
hmrc/state_pension_count_income_band_300_000_to_500_000@2025,hmrc_spi,8000.0,8003.899812698364,8016.0708866119385,0.0004874765872955322,0.0020088608264923094,0.15213842391967772
hmrc/state_pension_count_income_band_30_000_to_40_000@2025,hmrc_spi,1160000.0,1157248.0961830616,1157175.0187387466,-0.0023723308766710346,-0.0024353286734942734,0.006299779682323887
hmrc/state_pension_count_income_band_40_000_to_50_000@2025,hmrc_spi,568000.0,565906.816724062,566699.9505386353,-0.003685181823834567,-0.002288819474233708,-0.1396362349600859
hmrc/state_pension_count_income_band_500_000_to_1_000_000@2025,hmrc_spi,3000.0,3004.0203247070312,2993.7835235595703,0.0013401082356770833,-0.0020721588134765623,0.0732050577799479
hmrc/state_pension_count_income_band_50_000_to_70_000@2025,hmrc_spi,441000.0,436302.3439991841,438974.53312734456,-0.010652281180988467,-0.004592895402846796,-0.605938577814167
hmrc/state_pension_count_income_band_70_000_to_100_000@2025,hmrc_spi,176000.0,176113.6406710202,175479.15962600708,0.0006456856307965857,-0.0029593203067779543,0.23136346759813686
hmrc/state_pension_income_band_100_000_to_150_000@2025,hmrc_spi,847000000.0,847427364.7766821,848303808.7041687,0.000504562900451167,0.0015393255066926534,0.10347626062414864
hmrc/state_pension_income_band_12_570_to_15_000@2025,hmrc_spi,11800000000.0,13033227546.5607,13033212492.867386,0.10451080903056775,0.10450953329384625,-0.00012757367214982773
hmrc/state_pension_income_band_150_000_to_200_000@2025,hmrc_spi,265000000.0,266009583.33404294,265512754.50858057,0.003809748430350704,0.0019349226738889262,-0.18748257564617776
hmrc/state_pension_income_band_15_000_to_20_000@2025,hmrc_spi,22200000000.0,25342727509.764053,25326176361.54487,0.14156430224162403,0.14081875502454363,-0.07455472170803945
hmrc/state_pension_income_band_200_000_to_300_000@2025,hmrc_spi,179000000.0,178828836.30172962,179534540.62778068,-0.0009562217780468184,0.0029862604903948373,0.20300387123480187
hmrc/state_pension_income_band_20_000_to_30_000@2025,hmrc_spi,24900000000.0,29499726951.278637,29557872946.87977,0.18472799001119025,0.18706317055742042,0.23351805462301645
hmrc/state_pension_income_band_300_000_to_500_000@2025,hmrc_spi,96000000.0,95667021.17564905,95843214.89340216,-0.003468529420322428,-0.001633178193727508,-0.18353512265949198
hmrc/state_pension_income_band_30_000_to_40_000@2025,hmrc_spi,12300000000.0,13973223039.1955,13973400701.728178,0.13603439343052842,0.13604883753887625,0.0014444108347833051
hmrc/state_pension_income_band_40_000_to_50_000@2025,hmrc_spi,6020000000.0,6352584516.144807,6332412976.960441,0.055246597366246986,0.051895843348910405,-0.33507540173365813
hmrc/state_pension_income_band_500_000_to_1_000_000@2025,hmrc_spi,43000000.0,43037970.99150249,42904568.971734256,0.0008830463140114795,-0.002219326238738243,0.13362799247267634
hmrc/state_pension_income_band_50_000_to_70_000@2025,hmrc_spi,4660000000.0,4791615583.981081,4785714760.981318,0.028243687549588198,0.026977416519596238,-0.12662710299919597
hmrc/state_pension_income_band_70_000_to_100_000@2025,hmrc_spi,1890000000.0,1891505349.6346827,1886420716.8490741,0.0007964812881918811,-0.0018938006089554893,0.10973193207636082
isc.private_school_students@2025,isc,556551.0,556227.3886165619,556125.4962882996,-0.0005814586326106868,-0.0007645367840511282,0.01830781514404414
obr.attendance_allowance@2025,obr,8492497075.074617,8495117485.085889,8482816736.632687,0.00030855589211356343,-0.0011398695055594961,0.08313136134459327
obr.carers_allowance@2025,obr,4569403813.760573,4571134406.246751,4570928918.236375,0.0003787348539793825,0.00033376443360262403,-0.004497042037675849
obr.child_benefit@2025,obr,13389272724.45089,15759391835.595362,15649031340.746838,0.17701626966013373,0.1687738133953518,-0.8242456264781928
obr.council_tax@2025,obr,50925163826.30539,47022874245.53085,47161572620.27391,-0.07662792394904008,-0.07390435146891754,-0.27235724801225464
obr.esa@2025,obr,7206287181.538654,6475729628.614429,6509898925.556877,-0.10137780170568216,-0.09663620647339889,-0.47415952322832633
obr.income_tax@2025,obr,331437583074.4429,289208975664.497,289277484990.5292,-0.1274104373385473,-0.12720373378550823,-0.02067035530390615
obr.jobseekers_allowance@2025,obr,280558748.04472804,281315294.25617826,280696853.353428,0.0026965696729214336,0.0004922509444544145,-0.2204318728467019
obr.ni@2025,obr,200081395082.7125,196836566204.77274,196935189863.2001,-0.016217544247921527,-0.015724626561164107,-0.04929176867574207
obr.ni_employee@2025,obr,49544363784.26465,47811612495.26749,47858392837.82478,-0.03497373175568935,-0.034029520568297854,-0.09442111873914985
obr.ni_employer@2025,obr,145324007512.71753,146121664326.81866,146176809372.04532,0.005488816526280636,0.005868279260418547,0.03794627341379107
obr.ni_self_employed@2025,obr,2902816090.4147716,2903289600.529053,2899987872.7277045,0.0001631209486006385,-0.0009743013676980546,0.08111804190974162
obr.pension_credit@2025,obr,6146422389.476461,6146934201.258123,6135357481.668367,8.326986810055244e-05,-0.0018002192343693627,0.17169493662688104
obr.pip@2025,obr,36910059270.5278,36900612286.28908,36925162975.16164,-0.0002559460598392224,0.00040920293633597463,0.015325687649675224
obr.sdlt@2025,obr,15406516698.785578,15467288072.986925,15428332402.652102,0.003944523956290371,0.0014160049473248791,-0.25285190089654913
obr.state_pension@2025,obr,146185954351.57382,137018135866.62624,137856714380.9764,-0.06271340174651249,-0.05697701949235002,-0.5736382254162474
obr.statutory_maternity_pay@2025,obr,3194800881.520547,3195978838.32002,3189762668.959949,0.00036871055291328326,-0.0015770036216466764,0.12082930687333931
obr.tv_licence_fee@2025,obr,3872000000.0,3873761399.8596377,3872382206.1125503,0.000454906988542804,9.871025634045935e-05,-0.03561967322023447
obr.vat@2025,obr,180168938685.41794,192246685136.8141,188915490408.41504,0.06703567518086105,0.048546390886327666,-1.8489284294533386
obr.winter_fuel_allowance@2025,obr,1911040880.4619167,1911426611.002743,1910612883.536038,0.00020184316555964303,-0.000223960110039777,0.002211694448013397
ons.household_composition.couple_3_plus_children_households@2025,ons_household_composition,931000.0,930534.1579246521,931079.7128439706,-0.0005003674278709993,8.56206702154978e-05,-0.041474675765550154
ons.household_composition.couple_no_children_households@2025,ons_household_composition,8119000.0,8127232.394597758,8122550.28512754,0.0010139665719617697,0.00043728108480602524,-0.05766854871557444
ons.household_composition.couple_non_dependent_children_only_households@2025,ons_household_composition,1848000.0,1848949.091872692,1848643.6012821198,0.0005135778531883702,0.0003482690920561423,-0.016530876113222792
ons.household_composition.couple_under_3_children_households@2025,ons_household_composition,5439000.0,5435166.614212768,5437756.176064661,-0.00070479606310569,-0.0002286861436549416,-0.04761099194507484
ons.household_composition.lone_households_over_65@2025,ons_household_composition,4254000.0,4252432.091497421,4248398.414824963,-0.00036857275566025747,-0.0013167807181564137,0.09482079624961563
ons.household_composition.lone_households_under_65@2025,ons_household_composition,4316000.0,4318892.271175861,4322439.578588963,0.0006701277052505465,0.0014920246962378486,0.08218969909873021
ons.household_composition.lone_parent_dependent_children_households@2025,ons_household_composition,1835000.0,1836541.8386135101,1837227.925176859,0.0008402390264360391,0.0012141281617759684,0.03738891353399292
ons.land.corporate_land_value@2025,ons_land,2103053000000.0,2104176810488.435,2103604690730.7883,0.0005343709780186512,0.00026232849613791475,-0.02720424818807365
ons.land.household_land_value@2025,ons_land,4559831000000.0,4565947015244.548,4563374916325.898,0.0013412811230389572,0.000777203437122656,-0.056407768591630124
ons.land.land_value@2025,ons_land,7117771000000.0,6670123826357.194,6666979607884.736,-0.0628914829716783,-0.06333322498226814,0.044174201058982954
ons.population.age_0_9_by_region@2025,ons_population,7553013.0,7548459.472192787,7548722.283398651,-0.0006028756745438365,-0.0005680801292609205,-0.0034795545282915942
ons.population.age_10_19_by_region@2025,ons_population,8331437.0,8333422.468993913,8332644.024840746,0.0002383105092090815,0.00014487594886045167,-0.009343456034862982
ons.population.age_20_29_by_region@2025,ons_population,8715225.0,8720363.863340972,8720482.013663668,0.0005896420736093436,0.000603198846119083,0.0013556772509739409
ons.population.age_30_39_by_region@2025,ons_population,9572397.0,9578059.739127213,9568319.801818706,0.0005915696065690898,-0.0004259328338862152,-0.01656367726828746
ons.population.age_40_49_by_region@2025,ons_population,8622506.0,8628194.977913845,8626453.783576507,0.0006597824244883484,0.00045784642846373447,-0.02019359960246139
ons.population.age_50_59_by_region@2025,ons_population,9036816.0,9042277.203098414,9045035.894011678,0.0006043282388857387,0.0009096006836565195,0.030527244477078084
ons.population.age_60_69_by_region@2025,ons_population,7861034.0,7861485.1418612115,7860634.059489641,5.738963362981365e-05,-5.0876323694651546e-05,-0.0006513309935162106
ons.population.age_70_79_by_region@2025,ons_population,5998605.0,6000614.517294719,5998942.530552461,0.0003349974360236895,5.6268174427356365e-05,-0.027872926159633316
ons.population.age_80_89_by_region@2025,ons_population,2965168.0,2966814.0157957296,2963996.148547109,0.0005551172128289488,-0.00039520575322908634,-0.01599114595998625
ons.population.female_0_4@2025,ons_population,1744355.0,1743699.807838207,1743168.7396233138,-0.00037560712228467785,-0.0006800567411371139,0.030444961885243604
ons.population.female_10_14@2025,ons_population,2052052.0,2052205.282996416,2051795.0773920142,7.469742307509357e-05,-0.00012520277653090215,0.005050535345580857
ons.population.female_15_19@2025,ons_population,2002835.0,2004860.128251325,2003983.0051205268,0.0010111308476859584,0.0005731900633485866,-0.04379407843373718
ons.population.female_20_24@2025,ons_population,2034609.0,2037147.6792116165,2036555.1377780382,0.0012477479513835416,0.0009565168433041233,-0.029123110807941832
ons.population.female_25_29@2025,ons_population,2291610.0,2292759.5235373974,2291465.6625120216,0.0005016226746249949,-6.298518856978066e-05,-0.043863748605521426
ons.population.female_30_34@2025,ons_population,2463301.0,2463948.0245893113,2463085.207978487,0.0002626656625850156,-8.760278240985784e-05,-0.017506288017515775
ons.population.female_35_39@2025,ons_population,2472291.0,2473338.7593197986,2471379.8381912,0.0004238009683320269,-0.00036854957964088864,-0.005525138869113828
ons.population.female_40_44@2025,ons_population,2333109.0,2334914.0438110065,2334637.1026509395,0.0007736645870409276,0.0006549641062374227,-0.011870048080350488
ons.population.female_45_49@2025,ons_population,2088285.0,2089847.22929223,2089528.1243758958,0.0007480919952161616,0.0005952848274521102,-0.015280716776405148
ons.population.female_50_54@2025,ons_population,2255231.0,2257543.0681118965,2257976.108002578,0.0010252023459665616,0.0012172181042996962,0.01920157583331346
ons.population.female_55_59@2025,ons_population,2360202.0,2360934.607371209,2361993.0836861883,0.00031040028404737786,0.000758868811308663,0.04484685272612852
ons.population.female_5_9@2025,ons_population,1941658.0,1940220.2585179806,1940357.8192880154,-0.0007404710211682101,-0.0006696239564251966,-0.007084706474301355
ons.population.female_60_64@2025,ons_population,2193915.0,2193132.0257413387,2194246.8747710334,-0.00035688450038459565,0.00015127056929434992,-0.02056139310902457
ons.population.female_65_69@2025,ons_population,1838574.0,1840358.8587129172,1838558.82406044,0.0009707842670010528,-8.254190236529247e-06,-0.09625300767645235
ons.population.female_70_74@2025,ons_population,1622996.0,1621609.9994883537,1621519.268737793,-0.0008539765419300298,-0.0009098797915749831,0.005590324964495331
ons.population.female_75_79@2025,ons_population,1551183.0,1552933.98634199,1553046.769363917,0.0011288070730468712,0.001201514820570458,0.007270774752358685
ons.population.female_80_84@2025,ons_population,1024480.0,1024766.7017660249,1023252.0092911829,0.0002798510132212691,-0.0011986478104181104,0.09187967971968412
ons.population.female_85_89@2025,ons_population,665267.0,664940.6974301338,665210.8195628271,-0.0004904836251703157,-8.444795423924449e-05,-0.04060356709310712
ons.population.female_90_plus@2025,ons_population,414716.0,414769.0346069336,414773.7953701019,0.0001278817478312719,0.00013936132221069048,0.0011479574379418597
ons.population.male_0_4@2025,ons_population,1829801.0,1829108.9949276554,1828379.686600219,-0.0003781859734170875,-0.0007767584561277469,0.03985724827106594
ons.population.male_10_14@2025,ons_population,2152800.0,2152375.857488394,2152309.54913353,-0.00019701900390478282,-0.00022781998628303298,0.003080098237825016
ons.population.male_15_19@2025,ons_population,2123750.0,2123981.200257778,2124556.3931946754,0.00010886415904798951,0.0003797025048501215,0.027083834580213198
ons.population.male_20_24@2025,ons_population,2131646.0,2133220.850448011,2133277.699726614,0.0007387954885618696,0.0007654646815719729,0.002666919301010334
ons.population.male_25_29@2025,ons_population,2257360.0,2257235.8101439476,2259183.5136469947,-5.501552966846169e-05,0.0008078080797899836,0.07527925501215219
ons.population.male_30_34@2025,ons_population,2333326.0,2334199.291704178,2331995.9773750305,0.00037426904949323686,-0.0005700114878801687,0.019574243838693182
ons.population.male_35_39@2025,ons_population,2303479.0,2306573.663513926,2301858.7782739885,0.0013434737255802454,-0.0007033802895583094,-0.0640093436021936
ons.population.male_40_44@2025,ons_population,2196013.0,2197786.6315259933,2195449.743415176,0.0008076598480944089,-0.0002564905512053266,-0.05511692968890823
ons.population.male_45_49@2025,ons_population,2005099.0,2005647.0732846146,2006838.813134496,0.0002733397625825949,0.0008676943804251562,0.059435461784256134
ons.population.male_50_54@2025,ons_population,2164862.0,2165640.8346800804,2166320.062389802,0.0003597618139541522,0.0006735128566172752,0.0313751042663123
ons.population.male_55_59@2025,ons_population,2256521.0,2258158.6929352283,2258746.6399331093,0.0007257601126815784,0.0009863147442941073,0.026055463161252897
ons.population.male_5_9@2025,ons_population,2037199.0,2035430.410908943,2036816.037887102,-0.0008681474372689942,-0.0001879846362078555,-0.06801628010611388
ons.population.male_60_64@2025,ons_population,2094462.0,2093618.0714159012,2095362.2053232193,-0.00040293334713106083,0.0004298026525280952,0.002686930539703438
ons.population.male_65_69@2025,ons_population,1734083.0,1734376.1859910544,1732466.1553349495,0.00016907264015298044,-0.0009323917396402056,0.07633190994872252
ons.population.male_70_74@2025,ons_population,1473758.0,1473803.7468049526,1474650.7112116814,3.1040920526043934e-05,0.0006057379920457538,0.057469707151970986
ons.population.male_75_79@2025,ons_population,1350668.0,1352266.7846594225,1349725.7812390695,0.0011836992209946992,-0.0006975946427474904,-0.04861045782472088
ons.population.male_80_84@2025,ons_population,815910.0,816995.0910081972,816715.9077620615,0.0013299150742081443,0.0009877410033722533,-0.0342174070835891
ons.population.male_85_89@2025,ons_population,459511.0,460111.52559137344,458817.4119310379,0.0013068796859562527,-0.0015094047127535515,0.020252502679729882
ons.population.male_90_plus@2025,ons_population,210520.0,210449.15379333496,210098.8139667511,-0.0003365295775462619,-0.0020006936787426437,0.16641641011963818
ons.population.scotland_babies_under_1@2025,ons_population,46776.0,46753.46699523926,46650.48211669922,-0.0004817214973649347,-0.0026833821468441347,0.22016606494792
ons.population.scotland_children_under_16@2025,ons_population,896833.0,895881.6839752197,894863.0286102295,-0.0010607504683483697,-0.0021965866440803446,0.11358361757319749
ons.population.uk_total@2025,ons_population,69281437.0,69304909.58801906,69290103.14923601,0.0003388005364129227,0.00012508616465343414,-0.021371437175948856
ons.public_sector_employment@2025,ons_employment,6146000.0,6140910.768561363,6143860.296098232,-0.0008280558800255092,-0.00034814576989387094,-0.04799101101316383
scotgov.council_tax_stock.band_a@2025,council_tax_stock,498707.0,497793.0453109741,498474.34790802,-0.0018326486073503658,-0.0004665105803206702,-0.13661380270296955
scotgov.council_tax_stock.band_b@2025,council_tax_stock,583705.0,584170.3162002563,581630.644203186,0.0007971769990943159,-0.0035537742469465994,0.2756597247852283
scotgov.council_tax_stock.band_c@2025,council_tax_stock,426388.0,425280.1085510254,425186.0961608887,-0.002598317609723091,-0.0028188031537269534,0.022048554400386222
scotgov.council_tax_stock.band_d@2025,council_tax_stock,369621.0,368587.2019920349,368700.5122909546,-0.0027969136168266625,-0.0024903555508085586,-0.030655806601810394
scotgov.council_tax_stock.band_e@2025,council_tax_stock,366881.0,367981.4059123993,365745.9590911865,0.0029993537752003837,-0.003093757672960651,0.009440389776026745
scotgov.council_tax_stock.band_f@2025,council_tax_stock,221282.0,220549.76114463806,221041.26977157593,-0.0033090755477713438,-0.0010878888857840776,-0.2221186661987266
scotgov.council_tax_stock.band_g@2025,council_tax_stock,142084.0,141802.03342437744,141480.20031356812,-0.0019845061767866795,-0.004249596621941139,0.22650904451544593
scotgov.council_tax_stock.band_h@2025,council_tax_stock,14481.0,14489.340209960938,14445.208251953125,0.0005759415759227608,-0.002471635111309647,0.18956935353868862
scotgov.council_tax_stock.total@2025,council_tax_stock,2623149.0,2620653.2127456665,2616704.237991333,-0.0009514470029470289,-0.002456879883173618,0.1505432880226589
scotgov.scottish_child_payment_spending@2025,scotgov_social_security,471000000.0,471340018.6017812,470980100.84276366,0.0007219078594080455,-4.224874147842391e-05,-0.06796591179296216
slc.borrowers.plan_5_above_threshold@2025,slc_borrowers,35000.0,35015.98388671875,35081.273193359375,0.0004566824776785714,0.0023220912388392857,0.18654087611607142
slc.repayments.england_plan_1@2025,slc_repayments,1852699178.55,1850754153.6308398,1848829124.2502878,-0.0010498330984754826,-0.0020888735443500587,0.10390404458745761
slc.repayments.england_plan_2@2025,slc_repayments,2778253361.64,2777872810.1758494,2783404384.285944,-0.00013697507556538675,0.0018540507201630723,0.17170756445976856
slc.repayments.england_total_higher_education@2025,slc_repayments,5018231834.949999,5016466956.444836,5021850511.156866,-0.00035169329819947985,0.0007211058248972418,0.036941252669776194
slc.support.adult_dependants_grant_recipients@2025,slc_student_support,18611.0,15676.6904296875,15762.217529296875,-0.1576653361083499,-0.15306982272328865,-0.4595513385061256
slc.support.adult_dependants_grant_spend@2025,slc_student_support,55364916.81,55573867.57324219,55877061.14135742,0.0037740644307162484,0.009250340483938307,0.5476276053222059
slc.support.maintenance_loan_recipients@2025,slc_student_support,1159761.0,1164623.2449188232,1158359.0033187866,0.004192454237401708,-0.0012088668968980496,-0.2983587340503658
slc.support.maintenance_loan_spend@2025,slc_student_support,8591659718.080004,8628531693.376953,8576016578.514992,0.0042916009836093975,-0.0018207354665237816,-0.24708655170856156
slc.support.parents_learning_allowance_recipients@2025,slc_student_support,99645.0,90431.08807373047,90318.60095214844,-0.09246737845621487,-0.09359625719154561,0.11288787353307406
slc.support.parents_learning_allowance_spend@2025,slc_student_support,181421659.32,183032522.26123047,182804848.32714844,0.008879110395463645,0.007624166884664589,-0.12549435107990564
voa.council_tax_stock.band_a@2025,council_tax_stock,6103320.0,6107296.999644431,6106488.17078698,0.0006516125067063968,0.0005190897391877876,-0.013252276751860914
voa.council_tax_stock.band_b@2025,council_tax_stock,5016580.0,5023958.854512419,5019941.210148968,0.0014708934199033246,0.0006700202426688706,-0.0800873177234454
voa.council_tax_stock.band_c@2025,council_tax_stock,5654450.0,5656055.638030529,5659464.145677079,0.0002839600722491175,0.0008867609895002072,0.060280091725108974
voa.council_tax_stock.band_d@2025,council_tax_stock,4035220.0,4035927.0324764946,4034540.265619569,0.00017521534798463392,-0.00016845038942883104,-0.000676495855580288
voa.council_tax_stock.band_e@2025,council_tax_stock,2528140.0,2527976.882118713,2525878.8736705044,-6.45209052057597e-05,-0.0008943833527793444,0.08298624475735847
voa.council_tax_stock.band_f@2025,council_tax_stock,1343220.0,1345912.8241853714,1344068.872639656,0.0020047528963024665,0.0006319684338053832,-0.13727844624970834
voa.council_tax_stock.band_g@2025,council_tax_stock,911160.0,912219.1403989792,910256.6156177521,0.001162408796456371,-0.0009914662433029597,-0.01709425531534114
voa.council_tax_stock.band_h@2025,council_tax_stock,154470.0,154569.6538925171,154799.60537719727,0.0006451342818481895,0.002133782463891148,0.14886481820429584
voa.council_tax_stock.total@2025,council_tax_stock,25746570.0,25763917.025259446,25755437.759537708,0.0006737606313946422,0.0003444248899060346,-0.03293357414886076
